{
  "blacksmith": [
    {
      "item": "Arrow",
      "cost": 7,
      "sell": 4
    },

    {
      "item": "Bow",
      "cost": 450,
      "sell": 250
    },

    {
      "item": "Diamond_Axe",
      "cost": 2484,
      "sell": 1380
    },

    {
      "item": "Diamond_Boots",
      "cost": 2538,
      "sell": 1410
    },

    {
      "item": "Diamond_Chestplate",
      "cost": 6091,
      "sell": 3384
    },

    {
      "item": "Diamond_Helmet",
      "cost": 3807,
      "sell": 2115
    },

    {
      "item": "Diamond_Leggings",
      "cost": 5329,
      "sell": 2961
    },

    {
      "item": "Diamond_Pickaxe",
      "cost": 2484,
      "sell": 1380
    },

    {
      "item": "Diamond_Shovel",
      "cost": 831,
      "sell": 462
    },

    {
      "item": "Diamond_Sword",
      "cost": 1539,
      "sell": 855
    },

    {
      "item": "Iron_Axe",
      "cost": 462,
      "sell": 257
    },

    {
      "item": "Iron_Boots",
      "cost": 576,
      "sell": 320
    },

    {
      "item": "Iron_Chestplate",
      "cost": 1071,
      "sell": 595
    },

    {
      "item": "Iron_Helmet",
      "cost": 765,
      "sell": 425
    },

    {
      "item": "Iron_Leggings",
      "cost": 1008,
      "sell": 560
    },

    {
      "item": "Iron_Pickaxe",
      "cost": 462,
      "sell": 257
    },

    {
      "item": "Iron_Shovel",
      "cost": 156,
      "sell": 87
    },

    {
      "item": "Iron_Sword",
      "cost": 321,
      "sell": 160
    },

    {
      "item": "Leather_Boots",
      "cost": 108,
      "sell": 60
    },

    {
      "item": "Leather_Chestplate",
      "cost": 216,
      "sell": 120
    },

    {
      "item": "Leather_Helmet",
      "cost": 135,
      "sell": 75
    },

    {
      "item": "Leather_Leggings",
      "cost": 162,
      "sell": 90
    },

    {
      "item": "Shield",
      "cost": 856
    },

    {
      "item": "Stone_Axe",
      "cost": 25,
      "sell": 14
    },

    {
      "item": "Stone_Pickaxe",
      "cost": 25,
      "sell": 14
    },

    {
      "item": "Stone_Shovel",
      "cost": 10,
      "sell": 6
    },

    {
      "item": "Stone_Sword",
      "cost": 18,
      "sell": 10
    },

    {
      "item": "Wooden_Axe",
      "cost": 14,
      "sell": 8
    },

    {
      "item": "Wooden_Pickaxe",
      "cost": 14,
      "sell": 8
    },

    {
      "item": "Wooden_Shovel",
      "cost": 10,
      "sell": 6
    },

    {
      "item": "Wooden_Sword",
      "cost": 9,
      "sell": 5
    }
  ],

  "food": [
    {
      "item": "Apple",
      "cost": 18,
      "sell": 55
    },

    {
      "item": "Beetroot",
      "cost": 42
    },

    {
      "item": "Bread",
      "cost": 32,
      "sell": 15
    },

    {
      "item": "Cake",
      "cost": 50,
      "sell": 300
    },

    {
      "item": "Carrot",
      "cost": 42
    },

    {
      "item": "Cookie",
      "cost": 18,
      "sell": 100
    },

    {
      "item": "Golden_Apple",
      "cost": 5000,
      "sell": 1950
    },

    {
      "item": "Melon",
      "cost": 42,
      "sell": 40
    },

    {
      "item": "Potato",
      "cost": 42
    },

    {
      "item": "Beef",
      "name": "Raw Beef",
      "cost": 35,
      "sell": 15
    },

    {
      "item": "Chicken",
      "name": "Raw Chicken",
      "cost": 25,
      "sell": 5
    },

    {
      "item": "Cod",
      "name": "Raw Cod",
      "cost": 30,
      "sell": 25
    },

    {
      "item": "Mutton",
      "name": "Raw Mutton",
      "cost": 35
    },

    {
      "item": "Porkchop",
      "name": "Raw Porkchop",
      "cost": 35,
      "sell": 10
    },

    {
      "item": "Rabbit",
      "name": "Raw Rabbit",
      "cost": 25
    },

    {
      "item": "Salmon",
      "name": "Raw Salmon",
      "cost": 30,
      "sell": 25
    }
  ],

  "sell": [
    {
      "item": "Iron_Hoe",
      "sell": 17
    },
    {
      "item": "Wooden_Hoe",
      "sell": 6
    },
    {
      "item": "Stone_Hoe",
      "sell": 10
    },
    {
      "item": "Crossbow",
      "name": "Crossbow",
      "sell": 325
    },
    {
      "item": "Flint_and_Steel",
      "sell": 89
    },

    {
      "item": "Compass",
      "sell": 240
    },

    {
      "item": "Fishing_Rod",
      "sell": 24
    },
    {
      "item": "Shears",
      "sell": 160
    },
    {
      "item": "Clock",
      "sell": 15
    },
    {
      "item": "Tropical_Fish",
      "sell": 25
    },
    {
      "item": "Pufferfish",
      "sell": 25
    },
    {
      "item": "Gunpowder",
      "sell": 150
    },
    {
      "item": "Coal",
      "sell": 15
    },
    {
      "item": "Charcoal",
      "sell": 15
    },
    {
      "item": "Flint",
      "sell": 11
    },
    {
      "item": "String",
      "sell": 75
    },
    {
      "item": "Stick",
      "sell": 1
    },
    {
      "item": "Feather",
      "sell": 5
    },
    {
      "item": "Egg",
      "sell": 20
    },
    {
      "item": "Wheat",
      "sell": 5
    },
    {
      "item": "Emerald",
      "sell": 405
    },
    {
      "item": "Sugar",
      "sell": 5
    },
    {
      "item": "Leather",
      "sell": 15
    },
    {
      "item": "Saddle",
      "sell": 1900
    },
    {
      "item": "Oak_Boat",
      "sell": 10
    },
    {
      "item": "Minecart",
      "sell": 400
    },
    {
      "item": "Rail",
      "sell": 30
    },
    {
      "item": "Bone",
      "sell": 15
    },
    {
      "item": "Paper",
      "sell": 35
    },
    {
      "item": "Book",
      "sell": 23
    },
    {
      "item": "Bucket",
      "sell": 255
    },
    {
      "item": "Oak_Sapling",
      "sell": 8
    },
    {
      "item": "Spruce_Sapling",
      "sell": 8
    },
    {
      "item": "Birch_Sapling",
      "sell": 8
    },
    {
      "item": "Jungle_Sapling",
      "sell": 8
    },
    {
      "item": "Acacia_Sapling",
      "sell": 8
    },
    {
      "item": "Dark_Oak_Sapling",
      "sell": 8
    },
    {
      "item": "Dandelion",
      "sell": 10
    },
    {
      "item": "Poppy",
      "sell": 10
    },
    {
      "item": "Blue_Orchid",
      "sell": 10
    },
    {
      "item": "Allium",
      "sell": 10
    },
    {
      "item": "Azure_Bluet",
      "sell": 10
    },
    {
      "item": "Red_Tulip",
      "sell": 10
    },
    {
      "item": "Orange_Tulip",
      "sell": 10
    },
    {
      "item": "White_Tulip",
      "sell": 10
    },
    {
      "item": "Pink_Tulip",
      "sell": 10
    },
    {
      "item": "Oxeye_Daisy",
      "sell": 10
    },
    {
      "item": "Furnace",
      "sell": 10
    },
    {
      "item": "Chest",
      "sell": 10
    },
    {
      "item": "Torch",
      "sell": 5
    },
    {
      "item": "Painting",
      "sell": 25
    },
    {
      "item": "Jukebox",
      "sell": 245
    },
    {
      "item": "Dispenser",
      "sell": 270
    },
    {
      "item": "Piston",
      "sell": 105
    },
    {
      "item": "TNT",
      "sell": 800
    },
    {
      "item": "Lever",
      "sell": 1
    },
    {
      "item": "Redstone",
      "sell": 4
    },
    {
      "item": "Ladder",
      "sell": 3
    },
    {
      "item": "Cactus",
      "sell": 3
    },
    {
      "item": "Stone",
      "sell": 4
    },
    {
      "item": "Gravel",
      "sell": 5
    },
    {
      "item": "Bricks",
      "sell": 800
    },
    {
      "item": "Obsidian",
      "sell": 50
    },
    {
      "item": "Glowstone",
      "sell": 60
    },
    {
      "item": "Bookshelf",
      "sell": 70
    },
    {
      "item": "Pumpkin",
      "sell": 120
    },
    {
      "item": "Sandstone",
      "sell": 40
    },
    {
      "item": "Sand",
      "sell": 10
    },
    {
      "item": "Cooked_Porkchop",
      "sell": 15
    },
    {
      "item": "Enchanted_Golden_Apple",
      "sell": 1950
    },
    {
      "item": "Cooked_Cod",
      "sell": 15
    },
    {
      "item": "Cooked_Salmon",
      "sell": 15
    },
    {
      "item": "Cooked_Beef",
      "sell": 20
    },

    {
      "item": "Rotten_Flesh",
      "sell": 1
    },
    {
      "item": "Iron_Ingot",
      "sell": 85
    },
    {
      "item": "Sugar_Cane",
      "sell": 7
    },
    {
      "item": "Glowstone_Dust",
      "sell": 15
    },
    {
      "item": "Cooked_Chicken",
      "sell": 10
    },

    {
      "item": "Detector_Rail",
      "sell": 85
    },
    {
      "item": "Powered_Rail",
      "sell": 152
    },
    {
      "item": "Music_Disc_13",
      "name": "13 Disc",
      "sell": 4000
    },
    {
      "item": "Music_Disc_Cat",
      "name": "Cat Disc",
      "sell": 4000
    },
    {
      "item": "Music_Disc_Blocks",
      "name": "Blocks Disc",
      "sell": 4000
    },
    {
      "item": "Music_Disc_Chirp",
      "name": "Chirp Disc",
      "sell": 4000
    },
    {
      "item": "Music_Disc_Far",
      "name": "Far Disc",
      "sell": 4000
    },
    {
      "item": "Music_Disc_Mall",
      "name": "Mall Disc",
      "sell": 4000
    },
    {
      "item": "Music_Disc_Mellohi",
      "name": "Mellohi Disc",
      "sell": 4000
    },
    {
      "item": "Music_Disc_Stal",
      "name": "Stal Disc",
      "sell": 4000
    },
    {
      "item": "Music_Disc_Strad",
      "name": "Strad Disc",
      "sell": 4000
    },
    {
      "item": "Music_Disc_Ward",
      "name": "Ward Disc",
      "sell": 4000
    },
    {
      "item": "Music_Disc_11",
      "name": "11 Disc",
      "sell": 4000
    },
    {
      "item": "Music_Disc_Wait",
      "name": "Wait Disc",
      "sell": 4000
    },
    {
      "item": "Music_Disc_PigStep",
      "name": "Music Disc",
      "sell": 4000
    },
    {
      "item": "Milk_Bucket",
      "sell": 270
    },
    {
      "item": "Water_Bucket",
      "sell": 325
    },

    {
      "item": "Lava_Bucket",
      "sell": 345
    },
    {
      "item": "Red_Mushroom",
      "sell": 15
    },
    {
      "item": "Brown_Mushroom",
      "sell": 15
    },
    {
      "item": "Crafting_Table",
      "sell": 5
    },
    {
      "item": "Iron_Bars",
      "sell": 32
    },

    {
      "item": "Note_Block",
      "sell": 20
    },
    {
      "item": "Iron_Door",
      "sell": 500
    },
    {
      "item": "Oak_Door",
      "sell": 6
    },
    {
      "item": "Sticky_Piston",
      "sell": 185
    },
    {
      "item": "Redstone_Torch",
      "sell": 10
    },

    {
      "item": "Repeater",
      "name": "Redstone Repeater",
      "sell": 25
    },
    {
      "item": "Iron_Block",
      "sell": 765
    },
    {
      "item": "Jack_o_Lantern",
      "sell": 125
    },
    {
      "item": "Stone_Bricks",
      "sell": 20
    },
    {
      "item": "Soul_Sand",
      "sell": 15
    },

    {
      "item": "Mossy_Cobblestone",
      "sell": 50
    },
    {
      "item": "Clay",
      "name": "Clay Block",
      "sell": 20
    },
    {
      "item": "Ender_Pearl",
      "sell": 150
    },
    {
      "item": "Wheat_Seeds",
      "sell": 2
    }"item": "cooked chicken",
  ]  "sell": 6
    "cost": 10
    "item":"cooked porkshop",
    "cost": 6
   "sell": 5
   "item":"steak",
   "cost" 15
   "sell": 8
   "item":"cooked rabbit",
   "cost" 8 
  "sell" 6 
  "item":"cooked salmon",
  "cost" 5 
  "sell" 4
  "item":"cooked cod",
  "cost" 6 
  "sell" 4 
  "item":"cooked chicken",
  "cost" 8 
  "sell" 6  
  "item":"cooked mutton",
  "cost" 7 
  "sell" 4 
