{
  "required": true,
  "minVersion": "0.8.2",
  "package": "com.convallyria.taleofkingdoms.mixin",
  "compatibilityLevel": "JAVA_16",
  "mixins": [
    "common.EntityDeathEvent",
    "common.EntityPickupItemEvent",
    "common.EntitySpawnEvent",
    "common.InventoryInsertEvent",
    "common.ItemMergeEvent",
    "common.PlayerDeathEvent",
    "common.PlayerLeave",
    "common.PlayerLogin",
    "structure.StructureBlockUnlimit",
    "structure.packet.ClientUpdateStructureBlockUnlimit"
  ],
  "client": [
    "WorldClose",
    "WorldDeleteEvent",
    "WorldSessionStartEvent",
    "client.InventoryDrawEvent",
    "client.RecipesUpdatedEvent",
    "structure.StructureBlockRenderMixin"
  ],
  "server": [
    "server.GameInstanceEvent"
  ],
  "injectors": {
    "defaultRequire": 1
  }
}